identifier,p_M,q_T,log_resid_std,amortized_at_largest,pred_M64_T3200_s,lo_M64_T3200_s,hi_M64_T3200_s
hhg,2.100278869620846,2.9298311184959602,0.0470010456583477,1122.257944,540517.1408047535,515700.05297704827,566528.5039572191
gpfit_RBF,2.0725028745958665,2.366074657244426,0.05140736922550626,1309.51853,198520.63820084694,188573.09361870325,208992.93231811686
gpfit_DotProduct,2.050842417131221,2.3962699420374616,0.05991476870168527,796.641163,127481.41463164492,120067.70808178079,135352.88826714427
mgcx_maxlag-10,2.0366578398624577,2.00538789780705,0.12264248069176108,1213.522342,97012.65651226512,85815.4421559925,109670.88541545822
dcorrx_maxlag-10,2.0462828505281587,2.4248847542527425,0.10469603656887788,216.984848,39883.807292807585,35919.28625012068,44285.90459991302
mgcx_maxlag-1,2.0413766166085945,1.9814276935352604,0.12155943142320834,400.622526,29423.277706856763,26055.44293931927,33226.42693240787
ccm_E-1_max,1.9579469370182045,0.4513586425157578,0.17606081223180856,3000.3597541111108,8637.494577813202,7243.117800378668,10300.303631379857
ccm_E-10_max,1.9579469370182045,0.4513586425157578,0.17606081223180856,3000.3597541111108,8637.494577813202,7243.117800378668,10300.303631379857
ccm_E-10_diff,1.9579469370182045,0.4513586425157578,0.17606081223180856,3000.3597541111108,8637.494577813202,7243.117800378668,10300.303631379857
ccm_E-10_mean,1.9579469370182045,0.4513586425157578,0.17606081223180856,3000.3597541111108,8637.494577813202,7243.117800378668,10300.303631379857
ccm_E-1_diff,1.9579469370182045,0.4513586425157578,0.17606081223180856,3000.3597541111108,8637.494577813202,7243.117800378668,10300.303631379857
ccm_E-1_mean,1.9579469370182045,0.4513586425157578,0.17606081223180856,3000.3597541111108,8637.494577813202,7243.117800378668,10300.303631379857
ccm_E-None_diff,1.9579469370182045,0.4513586425157578,0.17606081223180856,3000.3597541111108,8637.494577813202,7243.117800378668,10300.303631379857
ccm_E-None_max,1.9579469370182045,0.4513586425157578,0.17606081223180856,3000.3597541111108,8637.494577813202,7243.117800378668,10300.303631379857
ccm_E-None_mean,1.9579469370182045,0.4513586425157578,0.17606081223180856,3000.3597541111108,8637.494577813202,7243.117800378668,10300.303631379857
mgc,2.0524370508530216,1.9406691724403162,0.1207551010190886,89.825724,6071.134756376036,5380.549097066983,6850.356081718374
te_kraskov_NN-4_DCE_k-max-10_tau-max-4,2.101536834061365,1.6469935299753142,0.05203140024579802,169.681909,5632.949140919429,5347.353314088032,5933.7983036560145
te_kraskov_NN-4_k-max-10_tau-max-4,2.1045687210436386,1.7112828339915416,0.05236707763786765,145.782089,5534.027841996679,5251.68425060517,5831.55092625101
dcorrx_maxlag-1,2.0288683078048018,2.287972417078946,0.11103829706806466,40.073702,5470.330246262042,4895.423022879658,6112.753252029831
cce_kernel_W-0.5,2.104201396646441,1.5133242623902545,0.04428949921644434,94.366632,2343.5798813883607,2242.0488767938464,2449.708709429397
hsic,2.0472404819329877,2.085305711608464,0.09778597918934041,26.000056,2329.259557491156,2112.272646289017,2568.5368296065817
hsic_biased,2.050731125826351,2.0858792321898725,0.0964556933818866,25.922391,2310.1646565996234,2097.7453152191792,2544.0937476456447
bary_dtw_max,1.9450552266913121,1.749644155791565,0.22367239785027235,50.060806875,1989.8571026653553,1591.0440414724706,2488.6371375133763
bary_softdtw_max,1.9450552266913121,1.749644155791565,0.22367239785027235,50.060806875,1989.8571026653553,1591.0440414724706,2488.6371375133763
bary_sgddtw_mean,1.9450552266913121,1.749644155791565,0.22367239785027235,50.060806875,1989.8571026653553,1591.0440414724706,2488.6371375133763
bary_sgddtw_max,1.9450552266913121,1.749644155791565,0.22367239785027235,50.060806875,1989.8571026653553,1591.0440414724706,2488.6371375133763
bary_euclidean_mean,1.9450552266913121,1.749644155791565,0.22367239785027235,50.060806875,1989.8571026653553,1591.0440414724706,2488.6371375133763
bary_euclidean_max,1.9450552266913121,1.749644155791565,0.22367239785027235,50.060806875,1989.8571026653553,1591.0440414724706,2488.6371375133763
bary_dtw_mean,1.9450552266913121,1.749644155791565,0.22367239785027235,50.060806875,1989.8571026653553,1591.0440414724706,2488.6371375133763
bary_softdtw_mean,1.9450552266913121,1.749644155791565,0.22367239785027235,50.060806875,1989.8571026653553,1591.0440414724706,2488.6371375133763
bary-sq_euclidean_mean,1.9450552266913121,1.749644155791565,0.22367239785027235,50.060806875,1989.8571026653553,1591.0440414724706,2488.6371375133763
bary-sq_dtw_max,1.9450552266913121,1.749644155791565,0.22367239785027235,50.060806875,1989.8571026653553,1591.0440414724706,2488.6371375133763
bary-sq_softdtw_mean,1.9450552266913121,1.749644155791565,0.22367239785027235,50.060806875,1989.8571026653553,1591.0440414724706,2488.6371375133763
bary-sq_softdtw_max,1.9450552266913121,1.749644155791565,0.22367239785027235,50.060806875,1989.8571026653553,1591.0440414724706,2488.6371375133763
bary-sq_sgddtw_mean,1.9450552266913121,1.749644155791565,0.22367239785027235,50.060806875,1989.8571026653553,1591.0440414724706,2488.6371375133763
bary-sq_sgddtw_max,1.9450552266913121,1.749644155791565,0.22367239785027235,50.060806875,1989.8571026653553,1591.0440414724706,2488.6371375133763
bary-sq_dtw_mean,1.9450552266913121,1.749644155791565,0.22367239785027235,50.060806875,1989.8571026653553,1591.0440414724706,2488.6371375133763
bary-sq_euclidean_max,1.9450552266913121,1.749644155791565,0.22367239785027235,50.060806875,1989.8571026653553,1591.0440414724706,2488.6371375133763
softdtw_constraint-sakoe-chiba,2.0818806627224298,1.867342239137479,0.046274268403808834,36.507442,1895.3418560859216,1809.6346115926533,1985.1083353614886
softdtw_constraint-itakura,2.076735399348349,1.861560053013483,0.045905836471022116,36.393788,1866.3175994288968,1782.5794683004433,1953.989397880228
anm,1.9974007485164234,1.8253984122022342,0.31859447162705595,25.556343,1557.7428988450902,1132.7444921777733,2142.1979587268474
dcorr_biased,2.0435012446984477,2.1985214194142237,0.09934320681506759,13.782313,1494.1242359181683,1352.8277521754505,1650.1784715520275
softdtw,1.9018660549057747,1.674832183163909,0.3520861218172338,36.694519,1146.5867230997765,806.3022072764891,1630.4818487714656
te_kraskov_NN-4_DCE_k-1_kt-1_l-1_lt-1,2.0931517519638922,1.3063540282950754,0.039385922929654954,49.264941,789.3104373980608,758.8269676619633,821.0184839701855
xme_kernel_W-0.5_k10,2.1070718953549923,1.5373393887119013,0.046511220529912745,29.150972,755.7393883595532,721.3939426871303,791.7200149901686
te_kraskov_NN-4_DCE_k-2_kt-1_l-1_lt-1,2.099415114984887,1.2451168018980996,0.04256624227524914,53.953244,753.3278658845506,721.9344199124672,786.0864614087523
di_kernel_W-0.5,2.1008453777513307,1.504244827303134,0.04206196390894897,29.887562,729.6506020570507,699.5965616082937,760.9957371121321
dcorr,1.782763696414878,1.8869065460351493,0.5681021832878057,14.022113,715.7702921860689,405.55524814021663,1263.2732865017656
si_kernel_W-0.5_k-1,2.0995609646296685,1.465590205479227,0.04208225018098796,26.427444,596.7200169592336,572.1297320155944,622.3671987564572
cce_kozachenko,2.096281567727385,1.4484009740248578,0.05552928783640202,23.759564,554.2216538572984,524.284992929555,585.867697429193
te_kraskov_NN-4_k-1_kt-1_l-1_lt-1,2.084794475829826,1.508401597030544,0.052026577753615334,20.912912,519.2619584878141,492.9372653065697,546.9924887194501
lcss_constraint-itakura,2.070028407731224,1.731367102255924,0.1276046179123989,9.512321,382.9714298250737,337.0919604256591,435.0952656273946
lcss_constraint-sakoe-chiba,2.080042014623017,1.7121683483156014,0.09852901513553451,9.096687,345.1656509963063,312.77855072754977,380.9063196647456
xme_kozachenko_k10,2.0933422547226437,1.7048958256282583,0.055069862266145346,8.560266,317.83963991750363,300.8094826465618,335.83394982792123
tlmi_kraskov_NN-4,2.0870442522789205,1.4885320846398364,0.05667168276431699,10.711412,243.73038693964045,230.30187769243332,257.9418896318387
tlmi_kraskov_NN-4_DCE,2.0893644992891147,1.4879299875379333,0.052355735799610066,10.708132,243.3450047869756,230.9322721560692,256.42492840824406
te_kernel_W-0.25_k-1,2.093629923524318,1.3601351558360522,0.04164616320114698,12.98772,234.4408603761366,224.87781231558859,244.41058211990247
psi_wavelet_mean_fs-1_fmin-0_fmax-0-25_mean,0.9051473595873856,-0.0041896515484755896,0.03356924176985669,231.0003,220.24853765360123,212.97768256720443,227.7676128025424
psi_wavelet_mean_fs-1_fmin-0_fmax-0-5_mean,0.903373767569804,-0.006137950332477932,0.03317985742207911,230.99345,218.98828442145086,211.841504582497,226.37617122462845
xme_kernel_W-0.5_k1,2.0945287877513574,1.4089641456665962,0.043605639367402436,6.966231,140.23962088803864,134.25579496518156,146.49014794423857
mi_kraskov_NN-4,2.0767705590644363,1.4791517298759838,0.11701711537302743,5.394882,123.6481571536758,109.99368716675536,138.9976748785728
mi_kraskov_NN-4_DCE,2.0939775923608663,1.4841457770098074,0.05877962291368988,5.502879,122.94225204799363,115.92403740787904,130.385359901251
cds,2.0929613630074932,0.42422920123665614,0.04293725914714347,45.044184,114.65451698530848,109.83575871586177,119.68468574193022
tlmi_kernel_W-0.25,2.0937570833318135,1.3011777878050315,0.03985796980232567,7.150244,114.16397022644036,109.70311697420858,118.80621496769083
lcss,1.7043774784771069,1.234480298159205,0.8472923445209142,9.491742,113.56696189701584,48.67182356525151,264.9881161166557
mi_kernel_W-0.25,2.0884886792331243,1.2996248864641669,0.03729661180182423,7.162207,113.51362814638328,109.35793281700711,117.82724346588488
te_symbolic_k-10_kt-1_l-1_lt-1,2.096249222683386,0.9971003908732143,0.04721470923177838,11.967151,102.09603339112738,97.3876265350142,107.03207794528757
dtf_multitaper_mean_fs-1_fmin-0_fmax-0-5,2.0942069444973885,0.8461702222155575,0.0565699622103075,14.820387966666667,93.59071945254941,88.44326431167721,99.03775980924897
gpdcoh_multitaper_max_fs-1_fmin-0_fmax-0-5,2.0942069444973885,0.8461702222155575,0.0565699622103075,14.820387966666667,93.59071945254941,88.44326431167721,99.03775980924897
gpdcoh_multitaper_max_fs-1_fmin-0_fmax-0-25,2.0942069444973885,0.8461702222155575,0.0565699622103075,14.820387966666667,93.59071945254941,88.44326431167721,99.03775980924897
dtf_multitaper_mean_fs-1_fmin-0-25_fmax-0-5,2.0942069444973885,0.8461702222155575,0.0565699622103075,14.820387966666667,93.59071945254941,88.44326431167721,99.03775980924897
dtf_multitaper_max_fs-1_fmin-0_fmax-0-25,2.0942069444973885,0.8461702222155575,0.0565699622103075,14.820387966666667,93.59071945254941,88.44326431167721,99.03775980924897
dtf_multitaper_mean_fs-1_fmin-0_fmax-0-25,2.0942069444973885,0.8461702222155575,0.0565699622103075,14.820387966666667,93.59071945254941,88.44326431167721,99.03775980924897
gpdcoh_multitaper_max_fs-1_fmin-0-25_fmax-0-5,2.0942069444973885,0.8461702222155575,0.0565699622103075,14.820387966666667,93.59071945254941,88.44326431167721,99.03775980924897
pdcoh_multitaper_max_fs-1_fmin-0_fmax-0-25,2.0942069444973885,0.8461702222155575,0.0565699622103075,14.820387966666667,93.59071945254941,88.44326431167721,99.03775980924897
dtf_multitaper_max_fs-1_fmin-0_fmax-0-5,2.0942069444973885,0.8461702222155575,0.0565699622103075,14.820387966666667,93.59071945254941,88.44326431167721,99.03775980924897
ddtf_multitaper_mean_fs-1_fmin-0-25_fmax-0-5,2.0942069444973885,0.8461702222155575,0.0565699622103075,14.820387966666667,93.59071945254941,88.44326431167721,99.03775980924897
pdcoh_multitaper_mean_fs-1_fmin-0_fmax-0-25,2.0942069444973885,0.8461702222155575,0.0565699622103075,14.820387966666667,93.59071945254941,88.44326431167721,99.03775980924897
ddtf_multitaper_mean_fs-1_fmin-0_fmax-0-5,2.0942069444973885,0.8461702222155575,0.0565699622103075,14.820387966666667,93.59071945254941,88.44326431167721,99.03775980924897
ddtf_multitaper_max_fs-1_fmin-0-25_fmax-0-5,2.0942069444973885,0.8461702222155575,0.0565699622103075,14.820387966666667,93.59071945254941,88.44326431167721,99.03775980924897
pdcoh_multitaper_mean_fs-1_fmin-0-25_fmax-0-5,2.0942069444973885,0.8461702222155575,0.0565699622103075,14.820387966666667,93.59071945254941,88.44326431167721,99.03775980924897
pdcoh_multitaper_max_fs-1_fmin-0_fmax-0-5,2.0942069444973885,0.8461702222155575,0.0565699622103075,14.820387966666667,93.59071945254941,88.44326431167721,99.03775980924897
dtf_multitaper_max_fs-1_fmin-0-25_fmax-0-5,2.0942069444973885,0.8461702222155575,0.0565699622103075,14.820387966666667,93.59071945254941,88.44326431167721,99.03775980924897
pdcoh_multitaper_max_fs-1_fmin-0-25_fmax-0-5,2.0942069444973885,0.8461702222155575,0.0565699622103075,14.820387966666667,93.59071945254941,88.44326431167721,99.03775980924897
ddtf_multitaper_mean_fs-1_fmin-0_fmax-0-25,2.0942069444973885,0.8461702222155575,0.0565699622103075,14.820387966666667,93.59071945254941,88.44326431167721,99.03775980924897
gpdcoh_multitaper_mean_fs-1_fmin-0_fmax-0-25,2.0942069444973885,0.8461702222155575,0.0565699622103075,14.820387966666667,93.59071945254941,88.44326431167721,99.03775980924897
gpdcoh_multitaper_mean_fs-1_fmin-0_fmax-0-5,2.0942069444973885,0.8461702222155575,0.0565699622103075,14.820387966666667,93.59071945254941,88.44326431167721,99.03775980924897
ddtf_multitaper_max_fs-1_fmin-0_fmax-0-5,2.0942069444973885,0.8461702222155575,0.0565699622103075,14.820387966666667,93.59071945254941,88.44326431167721,99.03775980924897
pdcoh_multitaper_mean_fs-1_fmin-0_fmax-0-5,2.0942069444973885,0.8461702222155575,0.0565699622103075,14.820387966666667,93.59071945254941,88.44326431167721,99.03775980924897
dcoh_multitaper_max_fs-1_fmin-0_fmax-0-25,2.0942069444973885,0.8461702222155575,0.0565699622103075,14.820387966666667,93.59071945254941,88.44326431167721,99.03775980924897
dcoh_multitaper_max_fs-1_fmin-0_fmax-0-5,2.0942069444973885,0.8461702222155575,0.0565699622103075,14.820387966666667,93.59071945254941,88.44326431167721,99.03775980924897
gpdcoh_multitaper_mean_fs-1_fmin-0-25_fmax-0-5,2.0942069444973885,0.8461702222155575,0.0565699622103075,14.820387966666667,93.59071945254941,88.44326431167721,99.03775980924897
dcoh_multitaper_mean_fs-1_fmin-0-25_fmax-0-5,2.0942069444973885,0.8461702222155575,0.0565699622103075,14.820387966666667,93.59071945254941,88.44326431167721,99.03775980924897
dcoh_multitaper_mean_fs-1_fmin-0_fmax-0-25,2.0942069444973885,0.8461702222155575,0.0565699622103075,14.820387966666667,93.59071945254941,88.44326431167721,99.03775980924897
dcoh_multitaper_max_fs-1_fmin-0-25_fmax-0-5,2.0942069444973885,0.8461702222155575,0.0565699622103075,14.820387966666667,93.59071945254941,88.44326431167721,99.03775980924897
ddtf_multitaper_max_fs-1_fmin-0_fmax-0-25,2.0942069444973885,0.8461702222155575,0.0565699622103075,14.820387966666667,93.59071945254941,88.44326431167721,99.03775980924897
dcoh_multitaper_mean_fs-1_fmin-0_fmax-0-5,2.0942069444973885,0.8461702222155575,0.0565699622103075,14.820387966666667,93.59071945254941,88.44326431167721,99.03775980924897
di_kozachenko,2.0710376677110984,1.091628343381668,0.05053012536812443,6.139334,62.805373662661324,59.710656918893,66.06048508668194
je_kernel_W-0.5,2.072194243625322,1.4655809642652091,0.04388552563607781,2.469883,54.82661259114987,52.47255031196577,57.286284549705954
si_kozachenko_k-1,2.068234084788946,1.0426970452523214,0.06793126169156294,5.737136,54.033299241964215,50.484645848628354,57.831393642448916
dtw,1.7619099639955822,1.6611517803647107,0.6219249353198361,1.466881,39.1472060279197,21.01852346613711,72.91205503856659
te_symbolic_k-1_kt-1_l-1_lt-1,2.0920202388019953,0.95112025084219,0.040382046952947094,3.399228,26.25126372117679,25.212302824011864,27.333038626779285
gc_gaussian_k-max-10_tau-max-2,2.074485177436654,0.5056869676870991,0.1004329718050517,7.080915,22.756895800450327,20.582377320020473,25.161151135287735
dtw_constraint-itakura,1.863430938447348,0.5155192245137921,1.4034780959962345,7.095548,21.701337139827924,5.332903208956125,88.30987835398184
xme_kozachenko_k1,2.082874768727786,0.9893446509106275,0.04430569414539909,1.743895,14.689377951106918,14.05276185942741,15.354833928656507
phi_Geo_t-1_norm-1,2.0797622633075323,-0.02459852788174585,0.051524042436824374,7.408063,7.565896427830414,7.185943272725243,7.96593941590467
phi_Geo_t-1_norm-0,2.0476695526630024,-0.05821622952693936,0.07873940227431923,7.362157,6.862490577623759,6.342867996469652,7.424681855934348
coint_johansen_trace_stat_order-1_ardiff-1,2.0569536060239217,0.44376723625842923,0.09857945345967838,2.033441272727273,5.569248020790135,5.046427595479998,6.146233732721306
coint_aeg_tstat_trend-ct_autolag-aic_maxlag-10,2.0569536060239217,0.44376723625842923,0.09857945345967838,2.033441272727273,5.569248020790135,5.046427595479998,6.146233732721306
coint_aeg_tstat_trend-ct_autolag-bic_maxlag-10,2.0569536060239217,0.44376723625842923,0.09857945345967838,2.033441272727273,5.569248020790135,5.046427595479998,6.146233732721306
coint_johansen_max_eig_stat_order-1_ardiff-1,2.0569536060239217,0.44376723625842923,0.09857945345967838,2.033441272727273,5.569248020790135,5.046427595479998,6.146233732721306
coint_johansen_max_eig_stat_order-0_ardiff-1,2.0569536060239217,0.44376723625842923,0.09857945345967838,2.033441272727273,5.569248020790135,5.046427595479998,6.146233732721306
coint_johansen_trace_stat_order-0_ardiff-1,2.0569536060239217,0.44376723625842923,0.09857945345967838,2.033441272727273,5.569248020790135,5.046427595479998,6.146233732721306
coint_johansen_max_eig_stat_order-0_ardiff-10,2.0569536060239217,0.44376723625842923,0.09857945345967838,2.033441272727273,5.569248020790135,5.046427595479998,6.146233732721306
coint_johansen_trace_stat_order-1_ardiff-10,2.0569536060239217,0.44376723625842923,0.09857945345967838,2.033441272727273,5.569248020790135,5.046427595479998,6.146233732721306
coint_aeg_tstat_trend-c_autolag-aic_maxlag-10,2.0569536060239217,0.44376723625842923,0.09857945345967838,2.033441272727273,5.569248020790135,5.046427595479998,6.146233732721306
coint_johansen_max_eig_stat_order-1_ardiff-10,2.0569536060239217,0.44376723625842923,0.09857945345967838,2.033441272727273,5.569248020790135,5.046427595479998,6.146233732721306
coint_johansen_trace_stat_order-0_ardiff-10,2.0569536060239217,0.44376723625842923,0.09857945345967838,2.033441272727273,5.569248020790135,5.046427595479998,6.146233732721306
cce_gaussian,2.0427677604574965,0.42925507680157526,0.09423025419810727,1.863036,4.924471838319161,4.481629794677054,5.411072310167462
reci,2.059686160381827,0.04771761860138044,0.033015126075737894,4.045764,4.665902661027613,4.514372454577188,4.822519156590853
lmfit_SGDRegressor,2.0622361665187494,0.2406710895272546,0.0662463543542864,2.464807,4.290978314987077,4.015927775497178,4.584867041691217
corr_kendall_tau-10-sq,2.013327374369375,0.34977252165618117,0.0768778690338047,1.696671,3.6751615949676752,3.4032104431443577,3.9688444117037553
corr_kendall_tau-5-sq,2.0116792258702,0.3511877266624678,0.07652909787203409,1.69208,3.6748948126814875,3.404150464456634,3.9671724341447203
corr_kendall_tau-20-sq,2.012721727401963,0.3513576126381841,0.0773178927022992,1.698684,3.6644980659694064,3.3918431642516165,3.959070459691028
corr_kendall_tau-1-sq,2.0113915280053742,0.3496817002160111,0.0759555172504917,1.685837,3.6643991240181526,3.396375572205662,3.9535736418527936
corr_kendall_tau-10,2.0115599746766883,0.3488711524905792,0.07699963316093243,1.700217,3.6581611055715793,3.387055493010696,3.9509664668710585
corr_kendall_tau-2,2.0094663602418033,0.3496621408279645,0.07534159682473678,1.679553,3.655708894109107,3.390401766112407,3.941776945743057
corr_kendall_tau-4-sq,2.008370564257389,0.3496855550447671,0.07756703440396567,1.68027,3.6547041756901892,3.3819352967433463,3.9494731388472664
corr_kendall_tau-3-sq,2.008751771599981,0.34833686816568066,0.07588694909059039,1.682591,3.6529853822506615,3.3860288265957976,3.9409889538220306
corr_kendall_tau-20,2.0111952264812505,0.3505679547708428,0.07789501216003576,1.690407,3.6515566465781766,3.3779146209372777,3.9473661828283504
corr_kendall_tau-2-sq,2.0102360683754297,0.3468470239073745,0.07491948567473995,1.683487,3.6467288344124804,3.3835013318928735,3.93043474414582
corr_kendall_tau-3,2.00850555698965,0.3477088210063523,0.07683215182437293,1.680622,3.6403436377508624,3.371123027199728,3.9310644239291475
corr_kendall_tau-4,2.0061169953020888,0.34636793498136575,0.0749997360411475,1.678248,3.6187981871207544,3.357317332632369,3.9006441815378006
corr_kendall_tau-5,2.006404688859696,0.3459423664370234,0.07756885493510957,1.684895,3.6124102162966403,3.342791861726414,3.903775081008127
corr_kendall_tau-1,1.9978746229809805,0.34479039699401853,0.0764599709352091,1.694944,3.609146705000552,3.343477401868073,3.895925819907881
je_kozachenko,1.9756983714762262,0.9364049087059136,0.06567744571089411,0.473593,3.3804891088533973,3.1656011047543977,3.6099641859213505
dtw_constraint-sakoe-chiba_radius-auto,1.859156904206845,1.4387713807332905,0.2625747390772674,0.161656,2.8277215447010042,2.174712649031804,3.676811802205734
phi_star_t-1_norm-1,2.073708372767061,-0.04230753980370452,0.09897196304827563,2.769688,2.755070815117013,2.4954552648587267,3.0416955588018655
lmfit_ElasticNet,2.0726737897205116,0.018774124073801378,0.0300240691212517,2.263,2.429589213376805,2.3577272513731145,2.503641480293845
lmfit_BayesianRidge,2.053744841319552,0.006781504884630279,0.03402758898897583,2.318445,2.405860780601457,2.325372319098051,2.489135201317493
lmfit_Lasso,2.0569436842835076,0.01687469679578795,0.02393711490640599,2.229237,2.376613104046196,2.320399325044465,2.434188712848319
phi_star_t-1_norm-0,2.0101975063475312,-0.07461210156645394,0.13223751736711675,2.644643,2.3671840067914247,2.073967726188208,2.701855024671967
lmfit_Ridge,2.0104268353438104,0.016955209926361573,0.017935529664860252,1.913868,1.9554565643103832,1.9206970619266561,1.990845121129562
icoh_multitaper_max_fs-1_fmin-0_fmax-0-5,1.6902987980366875,1.0031676316256795,0.22591130692040048,0.27605939285714287,1.895305794519298,1.512053843244683,2.3756985049090837
dspli_multitaper_max_fs-1_fmin-0_fmax-0-5,1.6902987980366875,1.0031676316256795,0.22591130692040048,0.27605939285714287,1.895305794519298,1.512053843244683,2.3756985049090837
icoh_multitaper_max_fs-1_fmin-0-25_fmax-0-5,1.6902987980366875,1.0031676316256795,0.22591130692040048,0.27605939285714287,1.895305794519298,1.512053843244683,2.3756985049090837
dspli_multitaper_mean_fs-1_fmin-0_fmax-0-25,1.6902987980366875,1.0031676316256795,0.22591130692040048,0.27605939285714287,1.895305794519298,1.512053843244683,2.3756985049090837
dspli_multitaper_mean_fs-1_fmin-0-25_fmax-0-5,1.6902987980366875,1.0031676316256795,0.22591130692040048,0.27605939285714287,1.895305794519298,1.512053843244683,2.3756985049090837
dspli_multitaper_mean_fs-1_fmin-0_fmax-0-5,1.6902987980366875,1.0031676316256795,0.22591130692040048,0.27605939285714287,1.895305794519298,1.512053843244683,2.3756985049090837
dswpli_multitaper_max_fs-1_fmin-0-25_fmax-0-5,1.6902987980366875,1.0031676316256795,0.22591130692040048,0.27605939285714287,1.895305794519298,1.512053843244683,2.3756985049090837
dswpli_multitaper_max_fs-1_fmin-0_fmax-0-25,1.6902987980366875,1.0031676316256795,0.22591130692040048,0.27605939285714287,1.895305794519298,1.512053843244683,2.3756985049090837
icoh_multitaper_max_fs-1_fmin-0_fmax-0-25,1.6902987980366875,1.0031676316256795,0.22591130692040048,0.27605939285714287,1.895305794519298,1.512053843244683,2.3756985049090837
wpli_multitaper_mean_fs-1_fmin-0_fmax-0-25,1.6902987980366875,1.0031676316256795,0.22591130692040048,0.27605939285714287,1.895305794519298,1.512053843244683,2.3756985049090837
icoh_multitaper_mean_fs-1_fmin-0-25_fmax-0-5,1.6902987980366875,1.0031676316256795,0.22591130692040048,0.27605939285714287,1.895305794519298,1.512053843244683,2.3756985049090837
icoh_multitaper_mean_fs-1_fmin-0_fmax-0-25,1.6902987980366875,1.0031676316256795,0.22591130692040048,0.27605939285714287,1.895305794519298,1.512053843244683,2.3756985049090837
icoh_multitaper_mean_fs-1_fmin-0_fmax-0-5,1.6902987980366875,1.0031676316256795,0.22591130692040048,0.27605939285714287,1.895305794519298,1.512053843244683,2.3756985049090837
dspli_multitaper_max_fs-1_fmin-0-25_fmax-0-5,1.6902987980366875,1.0031676316256795,0.22591130692040048,0.27605939285714287,1.895305794519298,1.512053843244683,2.3756985049090837
sgc_parametric_mean_fs-1_fmin-1e-05_fmax-0-5_order-20,1.6902987980366875,1.0031676316256795,0.22591130692040048,0.27605939285714287,1.895305794519298,1.512053843244683,2.3756985049090837
phase_multitaper_max_fs-1_fmin-0_fmax-0-5,1.6902987980366875,1.0031676316256795,0.22591130692040048,0.27605939285714287,1.895305794519298,1.512053843244683,2.3756985049090837
psi_multitaper_mean_fs-1_fmin-0_fmax-0-5,1.6902987980366875,1.0031676316256795,0.22591130692040048,0.27605939285714287,1.895305794519298,1.512053843244683,2.3756985049090837
sgc_parametric_mean_fs-1_fmin-0_fmax-0-25_order-None,1.6902987980366875,1.0031676316256795,0.22591130692040048,0.27605939285714287,1.895305794519298,1.512053843244683,2.3756985049090837
psi_multitaper_mean_fs-1_fmin-0_fmax-0-25,1.6902987980366875,1.0031676316256795,0.22591130692040048,0.27605939285714287,1.895305794519298,1.512053843244683,2.3756985049090837
dswpli_multitaper_mean_fs-1_fmin-0-25_fmax-0-5,1.6902987980366875,1.0031676316256795,0.22591130692040048,0.27605939285714287,1.895305794519298,1.512053843244683,2.3756985049090837
dswpli_multitaper_max_fs-1_fmin-0_fmax-0-5,1.6902987980366875,1.0031676316256795,0.22591130692040048,0.27605939285714287,1.895305794519298,1.512053843244683,2.3756985049090837
cohmag_multitaper_max_fs-1_fmin-0_fmax-0-25,1.6902987980366875,1.0031676316256795,0.22591130692040048,0.27605939285714287,1.895305794519298,1.512053843244683,2.3756985049090837
dswpli_multitaper_mean_fs-1_fmin-0_fmax-0-25,1.6902987980366875,1.0031676316256795,0.22591130692040048,0.27605939285714287,1.895305794519298,1.512053843244683,2.3756985049090837
cohmag_multitaper_mean_fs-1_fmin-0-25_fmax-0-5,1.6902987980366875,1.0031676316256795,0.22591130692040048,0.27605939285714287,1.895305794519298,1.512053843244683,2.3756985049090837
wpli_multitaper_max_fs-1_fmin-0_fmax-0-5,1.6902987980366875,1.0031676316256795,0.22591130692040048,0.27605939285714287,1.895305794519298,1.512053843244683,2.3756985049090837
wpli_multitaper_max_fs-1_fmin-0_fmax-0-25,1.6902987980366875,1.0031676316256795,0.22591130692040048,0.27605939285714287,1.895305794519298,1.512053843244683,2.3756985049090837
phase_multitaper_mean_fs-1_fmin-0-25_fmax-0-5,1.6902987980366875,1.0031676316256795,0.22591130692040048,0.27605939285714287,1.895305794519298,1.512053843244683,2.3756985049090837
wpli_multitaper_max_fs-1_fmin-0-25_fmax-0-5,1.6902987980366875,1.0031676316256795,0.22591130692040048,0.27605939285714287,1.895305794519298,1.512053843244683,2.3756985049090837
phase_multitaper_mean_fs-1_fmin-0_fmax-0-25,1.6902987980366875,1.0031676316256795,0.22591130692040048,0.27605939285714287,1.895305794519298,1.512053843244683,2.3756985049090837
cohmag_multitaper_max_fs-1_fmin-0-25_fmax-0-5,1.6902987980366875,1.0031676316256795,0.22591130692040048,0.27605939285714287,1.895305794519298,1.512053843244683,2.3756985049090837
cohmag_multitaper_mean_fs-1_fmin-0_fmax-0-5,1.6902987980366875,1.0031676316256795,0.22591130692040048,0.27605939285714287,1.895305794519298,1.512053843244683,2.3756985049090837
cohmag_multitaper_max_fs-1_fmin-0_fmax-0-5,1.6902987980366875,1.0031676316256795,0.22591130692040048,0.27605939285714287,1.895305794519298,1.512053843244683,2.3756985049090837
phase_multitaper_max_fs-1_fmin-0-25_fmax-0-5,1.6902987980366875,1.0031676316256795,0.22591130692040048,0.27605939285714287,1.895305794519298,1.512053843244683,2.3756985049090837
dswpli_multitaper_mean_fs-1_fmin-0_fmax-0-5,1.6902987980366875,1.0031676316256795,0.22591130692040048,0.27605939285714287,1.895305794519298,1.512053843244683,2.3756985049090837
phase_multitaper_max_fs-1_fmin-0_fmax-0-25,1.6902987980366875,1.0031676316256795,0.22591130692040048,0.27605939285714287,1.895305794519298,1.512053843244683,2.3756985049090837
phase_multitaper_mean_fs-1_fmin-0_fmax-0-5,1.6902987980366875,1.0031676316256795,0.22591130692040048,0.27605939285714287,1.895305794519298,1.512053843244683,2.3756985049090837
sgc_nonparametric_mean_fs-1_fmin-0-25_fmax-0-5,1.6902987980366875,1.0031676316256795,0.22591130692040048,0.27605939285714287,1.895305794519298,1.512053843244683,2.3756985049090837
dspli_multitaper_max_fs-1_fmin-0_fmax-0-25,1.6902987980366875,1.0031676316256795,0.22591130692040048,0.27605939285714287,1.895305794519298,1.512053843244683,2.3756985049090837
cohmag_multitaper_mean_fs-1_fmin-0_fmax-0-25,1.6902987980366875,1.0031676316256795,0.22591130692040048,0.27605939285714287,1.895305794519298,1.512053843244683,2.3756985049090837
gd_multitaper_delay_fs-1_fmin-0-25_fmax-0-5,1.6902987980366875,1.0031676316256795,0.22591130692040048,0.27605939285714287,1.895305794519298,1.512053843244683,2.3756985049090837
gd_multitaper_delay_fs-1_fmin-0_fmax-0-25,1.6902987980366875,1.0031676316256795,0.22591130692040048,0.27605939285714287,1.895305794519298,1.512053843244683,2.3756985049090837
gd_multitaper_delay_fs-1_fmin-0_fmax-0-5,1.6902987980366875,1.0031676316256795,0.22591130692040048,0.27605939285714287,1.895305794519298,1.512053843244683,2.3756985049090837
sgc_nonparametric_mean_fs-1_fmin-0_fmax-0-5,1.6902987980366875,1.0031676316256795,0.22591130692040048,0.27605939285714287,1.895305794519298,1.512053843244683,2.3756985049090837
sgc_parametric_max_fs-1_fmin-0-25_fmax-0-5_order-None,1.6902987980366875,1.0031676316256795,0.22591130692040048,0.27605939285714287,1.895305794519298,1.512053843244683,2.3756985049090837
sgc_parametric_max_fs-1_fmin-0-25_fmax-0-5_order-1,1.6902987980366875,1.0031676316256795,0.22591130692040048,0.27605939285714287,1.895305794519298,1.512053843244683,2.3756985049090837
pli_multitaper_mean_fs-1_fmin-0-25_fmax-0-5,1.6902987980366875,1.0031676316256795,0.22591130692040048,0.27605939285714287,1.895305794519298,1.512053843244683,2.3756985049090837
pli_multitaper_mean_fs-1_fmin-0_fmax-0-5,1.6902987980366875,1.0031676316256795,0.22591130692040048,0.27605939285714287,1.895305794519298,1.512053843244683,2.3756985049090837
plv_multitaper_max_fs-1_fmin-0-25_fmax-0-5,1.6902987980366875,1.0031676316256795,0.22591130692040048,0.27605939285714287,1.895305794519298,1.512053843244683,2.3756985049090837
plv_multitaper_max_fs-1_fmin-0_fmax-0-25,1.6902987980366875,1.0031676316256795,0.22591130692040048,0.27605939285714287,1.895305794519298,1.512053843244683,2.3756985049090837
plv_multitaper_max_fs-1_fmin-0_fmax-0-5,1.6902987980366875,1.0031676316256795,0.22591130692040048,0.27605939285714287,1.895305794519298,1.512053843244683,2.3756985049090837
plv_multitaper_mean_fs-1_fmin-0-25_fmax-0-5,1.6902987980366875,1.0031676316256795,0.22591130692040048,0.27605939285714287,1.895305794519298,1.512053843244683,2.3756985049090837
plv_multitaper_mean_fs-1_fmin-0_fmax-0-25,1.6902987980366875,1.0031676316256795,0.22591130692040048,0.27605939285714287,1.895305794519298,1.512053843244683,2.3756985049090837
plv_multitaper_mean_fs-1_fmin-0_fmax-0-5,1.6902987980366875,1.0031676316256795,0.22591130692040048,0.27605939285714287,1.895305794519298,1.512053843244683,2.3756985049090837
sgc_nonparametric_max_fs-1_fmin-0_fmax-0-5,1.6902987980366875,1.0031676316256795,0.22591130692040048,0.27605939285714287,1.895305794519298,1.512053843244683,2.3756985049090837
sgc_nonparametric_max_fs-1_fmin-0_fmax-0-25,1.6902987980366875,1.0031676316256795,0.22591130692040048,0.27605939285714287,1.895305794519298,1.512053843244683,2.3756985049090837
sgc_nonparametric_max_fs-1_fmin-0-25_fmax-0-5,1.6902987980366875,1.0031676316256795,0.22591130692040048,0.27605939285714287,1.895305794519298,1.512053843244683,2.3756985049090837
ppc_multitaper_max_fs-1_fmin-0-25_fmax-0-5,1.6902987980366875,1.0031676316256795,0.22591130692040048,0.27605939285714287,1.895305794519298,1.512053843244683,2.3756985049090837
ppc_multitaper_max_fs-1_fmin-0_fmax-0-25,1.6902987980366875,1.0031676316256795,0.22591130692040048,0.27605939285714287,1.895305794519298,1.512053843244683,2.3756985049090837
ppc_multitaper_max_fs-1_fmin-0_fmax-0-5,1.6902987980366875,1.0031676316256795,0.22591130692040048,0.27605939285714287,1.895305794519298,1.512053843244683,2.3756985049090837
ppc_multitaper_mean_fs-1_fmin-0_fmax-0-25,1.6902987980366875,1.0031676316256795,0.22591130692040048,0.27605939285714287,1.895305794519298,1.512053843244683,2.3756985049090837
sgc_parametric_max_fs-1_fmin-0_fmax-0-25_order-1,1.6902987980366875,1.0031676316256795,0.22591130692040048,0.27605939285714287,1.895305794519298,1.512053843244683,2.3756985049090837
wpli_multitaper_mean_fs-1_fmin-0_fmax-0-5,1.6902987980366875,1.0031676316256795,0.22591130692040048,0.27605939285714287,1.895305794519298,1.512053843244683,2.3756985049090837
sgc_nonparametric_mean_fs-1_fmin-0_fmax-0-25,1.6902987980366875,1.0031676316256795,0.22591130692040048,0.27605939285714287,1.895305794519298,1.512053843244683,2.3756985049090837
sgc_parametric_mean_fs-1_fmin-1e-05_fmax-0-5_order-1,1.6902987980366875,1.0031676316256795,0.22591130692040048,0.27605939285714287,1.895305794519298,1.512053843244683,2.3756985049090837
pli_multitaper_mean_fs-1_fmin-0_fmax-0-25,1.6902987980366875,1.0031676316256795,0.22591130692040048,0.27605939285714287,1.895305794519298,1.512053843244683,2.3756985049090837
pli_multitaper_max_fs-1_fmin-0_fmax-0-5,1.6902987980366875,1.0031676316256795,0.22591130692040048,0.27605939285714287,1.895305794519298,1.512053843244683,2.3756985049090837
sgc_parametric_mean_fs-1_fmin-0-25_fmax-0-5_order-1,1.6902987980366875,1.0031676316256795,0.22591130692040048,0.27605939285714287,1.895305794519298,1.512053843244683,2.3756985049090837
sgc_parametric_mean_fs-1_fmin-0_fmax-0-25_order-20,1.6902987980366875,1.0031676316256795,0.22591130692040048,0.27605939285714287,1.895305794519298,1.512053843244683,2.3756985049090837
psi_multitaper_mean_fs-1_fmin-0-25_fmax-0-5,1.6902987980366875,1.0031676316256795,0.22591130692040048,0.27605939285714287,1.895305794519298,1.512053843244683,2.3756985049090837
sgc_parametric_mean_fs-1_fmin-0_fmax-0-5_order-None,1.6902987980366875,1.0031676316256795,0.22591130692040048,0.27605939285714287,1.895305794519298,1.512053843244683,2.3756985049090837
sgc_parametric_max_fs-1_fmin-0-25_fmax-0-5_order-20,1.6902987980366875,1.0031676316256795,0.22591130692040048,0.27605939285714287,1.895305794519298,1.512053843244683,2.3756985049090837
sgc_parametric_mean_fs-1_fmin-0_fmax-0-25_order-1,1.6902987980366875,1.0031676316256795,0.22591130692040048,0.27605939285714287,1.895305794519298,1.512053843244683,2.3756985049090837
sgc_parametric_mean_fs-1_fmin-0-25_fmax-0-5_order-None,1.6902987980366875,1.0031676316256795,0.22591130692040048,0.27605939285714287,1.895305794519298,1.512053843244683,2.3756985049090837
pli_multitaper_max_fs-1_fmin-0_fmax-0-25,1.6902987980366875,1.0031676316256795,0.22591130692040048,0.27605939285714287,1.895305794519298,1.512053843244683,2.3756985049090837
sgc_parametric_mean_fs-1_fmin-0-25_fmax-0-5_order-20,1.6902987980366875,1.0031676316256795,0.22591130692040048,0.27605939285714287,1.895305794519298,1.512053843244683,2.3756985049090837
sgc_parametric_max_fs-1_fmin-1e-05_fmax-0-5_order-None,1.6902987980366875,1.0031676316256795,0.22591130692040048,0.27605939285714287,1.895305794519298,1.512053843244683,2.3756985049090837
sgc_parametric_max_fs-1_fmin-1e-05_fmax-0-5_order-20,1.6902987980366875,1.0031676316256795,0.22591130692040048,0.27605939285714287,1.895305794519298,1.512053843244683,2.3756985049090837
sgc_parametric_max_fs-1_fmin-1e-05_fmax-0-5_order-1,1.6902987980366875,1.0031676316256795,0.22591130692040048,0.27605939285714287,1.895305794519298,1.512053843244683,2.3756985049090837
sgc_parametric_max_fs-1_fmin-0_fmax-0-25_order-None,1.6902987980366875,1.0031676316256795,0.22591130692040048,0.27605939285714287,1.895305794519298,1.512053843244683,2.3756985049090837
sgc_parametric_max_fs-1_fmin-0_fmax-0-25_order-20,1.6902987980366875,1.0031676316256795,0.22591130692040048,0.27605939285714287,1.895305794519298,1.512053843244683,2.3756985049090837
ppc_multitaper_mean_fs-1_fmin-0_fmax-0-5,1.6902987980366875,1.0031676316256795,0.22591130692040048,0.27605939285714287,1.895305794519298,1.512053843244683,2.3756985049090837
ppc_multitaper_mean_fs-1_fmin-0-25_fmax-0-5,1.6902987980366875,1.0031676316256795,0.22591130692040048,0.27605939285714287,1.895305794519298,1.512053843244683,2.3756985049090837
pli_multitaper_max_fs-1_fmin-0-25_fmax-0-5,1.6902987980366875,1.0031676316256795,0.22591130692040048,0.27605939285714287,1.895305794519298,1.512053843244683,2.3756985049090837
wpli_multitaper_mean_fs-1_fmin-0-25_fmax-0-5,1.6902987980366875,1.0031676316256795,0.22591130692040048,0.27605939285714287,1.895305794519298,1.512053843244683,2.3756985049090837
xme_gaussian_k10,2.023151180626846,0.5001803837379623,0.08934439375820025,0.547333,1.6447522902784453,1.5041762342681606,1.7984661868377274
di_gaussian,2.023414197748968,0.3269017531739197,0.07632860174129284,0.760713,1.5700833112585741,1.4547005628376222,1.6946178940661187
si_gaussian_k-1,2.021357821726566,0.31173077706453567,0.07134277894952375,0.738009,1.475004844887866,1.3734399367208374,1.584080405901939
psi_wavelet_mean_fs-1_fmin-0-25_fmax-0-5_mean,1.6174600205142557,0.8022197094342216,0.2712125551285609,0.34812,1.4336199486823529,1.0930698601418727,1.8802697176127727
gc_gaussian_k-1_kt-1_l-1_lt-1,2.030136749262407,0.3799915702492031,0.08314470260508805,0.426512,0.998670614871011,0.9189946555490355,1.0852544038039047
kendalltau,2.0123461042952355,0.316170650575256,0.07839013234568455,0.42663,0.8594958259098892,0.7946929678123841,0.929583002087074
kendalltau-sq,1.9577056477379922,0.30044942344286885,0.07946884584977491,0.433633,0.8095427195826985,0.7476991556011586,0.8765014777934785
gwtau,1.9122144709188225,0.5067430147042575,0.11333491771480302,0.163492,0.46772716543713294,0.41761093783909176,0.5238576901741692
xme_gaussian_k1,1.9398736588661298,0.2275304214709375,0.06377034932376005,0.261638,0.40565865551217056,0.38059724135170825,0.43237030359837436
ce_kernel_W-0.5,1.00057494343664,1.1438014746346639,0.05182102683592678,0.036347,0.39024828888796725,0.37054027670902306,0.41100451571039115
xcorr_max_sig-True,1.8862400047431196,0.1631637275481604,0.11374008402165997,0.232046,0.3064543329306236,0.27350739637672206,0.34337008584074413
prec-sq_GraphicalLassoCV,0.6833778166215909,0.8962540962185864,0.37758115564898237,0.02388540625,0.15578336913900506,0.10679223598930837,0.22724927402708547
cov_MinCovDet,0.6833778166215909,0.8962540962185864,0.37758115564898237,0.02388540625,0.15578336913900506,0.10679223598930837,0.22724927402708547
cov_LedoitWolf,0.6833778166215909,0.8962540962185864,0.37758115564898237,0.02388540625,0.15578336913900506,0.10679223598930837,0.22724927402708547
prec-sq_EmpiricalCovariance,0.6833778166215909,0.8962540962185864,0.37758115564898237,0.02388540625,0.15578336913900506,0.10679223598930837,0.22724927402708547
prec_LedoitWolf,0.6833778166215909,0.8962540962185864,0.37758115564898237,0.02388540625,0.15578336913900506,0.10679223598930837,0.22724927402708547
prec-sq_ShrunkCovariance,0.6833778166215909,0.8962540962185864,0.37758115564898237,0.02388540625,0.15578336913900506,0.10679223598930837,0.22724927402708547
prec-sq_MinCovDet,0.6833778166215909,0.8962540962185864,0.37758115564898237,0.02388540625,0.15578336913900506,0.10679223598930837,0.22724927402708547
prec-sq_LedoitWolf,0.6833778166215909,0.8962540962185864,0.37758115564898237,0.02388540625,0.15578336913900506,0.10679223598930837,0.22724927402708547
prec_EmpiricalCovariance,0.6833778166215909,0.8962540962185864,0.37758115564898237,0.02388540625,0.15578336913900506,0.10679223598930837,0.22724927402708547
prec-sq_EllipticEnvelope,0.6833778166215909,0.8962540962185864,0.37758115564898237,0.02388540625,0.15578336913900506,0.10679223598930837,0.22724927402708547
prec_GraphicalLasso,0.6833778166215909,0.8962540962185864,0.37758115564898237,0.02388540625,0.15578336913900506,0.10679223598930837,0.22724927402708547
cov_GraphicalLasso,0.6833778166215909,0.8962540962185864,0.37758115564898237,0.02388540625,0.15578336913900506,0.10679223598930837,0.22724927402708547
prec_GraphicalLassoCV,0.6833778166215909,0.8962540962185864,0.37758115564898237,0.02388540625,0.15578336913900506,0.10679223598930837,0.22724927402708547
prec_MinCovDet,0.6833778166215909,0.8962540962185864,0.37758115564898237,0.02388540625,0.15578336913900506,0.10679223598930837,0.22724927402708547
prec_OAS,0.6833778166215909,0.8962540962185864,0.37758115564898237,0.02388540625,0.15578336913900506,0.10679223598930837,0.22724927402708547
prec_ShrunkCovariance,0.6833778166215909,0.8962540962185864,0.37758115564898237,0.02388540625,0.15578336913900506,0.10679223598930837,0.22724927402708547
prec_EllipticEnvelope,0.6833778166215909,0.8962540962185864,0.37758115564898237,0.02388540625,0.15578336913900506,0.10679223598930837,0.22724927402708547
cov_GraphicalLassoCV,0.6833778166215909,0.8962540962185864,0.37758115564898237,0.02388540625,0.15578336913900506,0.10679223598930837,0.22724927402708547
prec-sq_OAS,0.6833778166215909,0.8962540962185864,0.37758115564898237,0.02388540625,0.15578336913900506,0.10679223598930837,0.22724927402708547
cov_OAS,0.6833778166215909,0.8962540962185864,0.37758115564898237,0.02388540625,0.15578336913900506,0.10679223598930837,0.22724927402708547
cov_ShrunkCovariance,0.6833778166215909,0.8962540962185864,0.37758115564898237,0.02388540625,0.15578336913900506,0.10679223598930837,0.22724927402708547
cov-sq_ShrunkCovariance,0.6833778166215909,0.8962540962185864,0.37758115564898237,0.02388540625,0.15578336913900506,0.10679223598930837,0.22724927402708547
cov_EllipticEnvelope,0.6833778166215909,0.8962540962185864,0.37758115564898237,0.02388540625,0.15578336913900506,0.10679223598930837,0.22724927402708547
cov-sq_MinCovDet,0.6833778166215909,0.8962540962185864,0.37758115564898237,0.02388540625,0.15578336913900506,0.10679223598930837,0.22724927402708547
cov-sq_LedoitWolf,0.6833778166215909,0.8962540962185864,0.37758115564898237,0.02388540625,0.15578336913900506,0.10679223598930837,0.22724927402708547
cov-sq_GraphicalLassoCV,0.6833778166215909,0.8962540962185864,0.37758115564898237,0.02388540625,0.15578336913900506,0.10679223598930837,0.22724927402708547
cov-sq_GraphicalLasso,0.6833778166215909,0.8962540962185864,0.37758115564898237,0.02388540625,0.15578336913900506,0.10679223598930837,0.22724927402708547
cov-sq_EmpiricalCovariance,0.6833778166215909,0.8962540962185864,0.37758115564898237,0.02388540625,0.15578336913900506,0.10679223598930837,0.22724927402708547
cov-sq_EllipticEnvelope,0.6833778166215909,0.8962540962185864,0.37758115564898237,0.02388540625,0.15578336913900506,0.10679223598930837,0.22724927402708547
cov-sq_OAS,0.6833778166215909,0.8962540962185864,0.37758115564898237,0.02388540625,0.15578336913900506,0.10679223598930837,0.22724927402708547
prec-sq_GraphicalLasso,0.6833778166215909,0.8962540962185864,0.37758115564898237,0.02388540625,0.15578336913900506,0.10679223598930837,0.22724927402708547
cov_EmpiricalCovariance,0.6833778166215909,0.8962540962185864,0.37758115564898237,0.02388540625,0.15578336913900506,0.10679223598930837,0.22724927402708547
ce_kozachenko,0.969761725768867,0.8261819609484656,0.1006715583469211,0.016349,0.09013850424894317,0.08150593707454985,0.09968537556724504
xpdist_euclidean_tau-1_mean_rmse,1.8455745867543947,0.10860800463896904,0.1004072091097276,0.035305,0.041184126596113826,0.03724976723995473,0.045534037100383
xpdist_euclidean_tau-1_min_rmse,1.797249548959259,0.10622173924596635,0.12396060099526536,0.032414,0.03631382372569083,0.03208016372626917,0.04110620521866976
ids,0.8656658853984711,0.7344191881932447,0.13591619785772677,0.007558,0.03210119276446197,0.028021637773443814,0.036774673387497014
corr_spearman_tau-3-sq,0.9697681639138238,0.4643216646692881,0.11109589126890847,0.012896,0.029987524087619573,0.026834423980110537,0.03351111995443175
corr_spearman_tau-1-sq,0.9616028022205237,0.47688557797839437,0.10663935375890583,0.011371,0.02997433169247468,0.026942421487518915,0.033347431700847835
corr_spearman_tau-10,0.9628944206835461,0.4702431862738309,0.11063372952180399,0.011294,0.02937236911368125,0.026296100989514664,0.032808516657824846
corr_spearman_tau-2,0.9521396465962815,0.46902858488379856,0.10509240987755171,0.011347,0.0293634497319413,0.02643419096817332,0.03261730919619762
corr_spearman_tau-10-sq,0.9589868600716078,0.4729268497350172,0.10385331644605011,0.011243,0.029340529465915005,0.026446306348122547,0.03255148972443709
corr_spearman_tau-5-sq,0.9620090332968395,0.4674208793322616,0.10950836479592081,0.011139,0.029322396674449722,0.02628092132019721,0.03271586015795462
corr_spearman_tau-4-sq,0.9606978967811997,0.4676702696711722,0.10671930786427204,0.011382,0.02924706995100688,0.026286620622967494,0.03254093072624581
corr_spearman_tau-4,0.9545529865657247,0.46591256827194744,0.1085247065050944,0.011215,0.02916013987170909,0.0261612157026146,0.03250283805628559
corr_spearman_tau-20-sq,0.9612948646131892,0.4650099192942818,0.10579802013609485,0.011433,0.02904798895833214,0.02613175480144172,0.03228966707114646
corr_spearman_tau-20,0.95759996730214,0.4713367740569354,0.11120668723180649,0.011098,0.029001987583647717,0.025949638471305533,0.03241337195245093
corr_spearman_tau-5,0.9547555098547913,0.4652885576702985,0.10769185829461675,0.011264,0.028985343885561624,0.02602606304367948,0.03228110831646886
corr_spearman_tau-3,0.9568358445525139,0.46176170290392266,0.11079937890449047,0.011379,0.028981472007847196,0.025941846260411315,0.03237725300312968
corr_spearman_tau-2-sq,0.9481414791219641,0.45885135802566535,0.1138984789149303,0.01119,0.028611092440293463,0.02553106666636592,0.03206268744366317
xcorr-sq_mean_sig-True,1.8007817283346528,0.05586476547131546,0.11687400698741382,0.028386,0.028003656740111994,0.02491477728053862,0.0314754887024648
corr_spearman_tau-1,0.9197321492407495,0.43888378164415853,0.1152190638137745,0.011741,0.027727471215853273,0.024709915456700003,0.031113528549832053
xcorr_mean_sig-True,1.775699085012973,0.05377760161657645,0.12144825296310809,0.027359,0.026127453419308316,0.023139436361215415,0.029501315914605513
xcorr-sq_max_sig-True,1.762359296991911,0.06252229526691787,0.12853077860887463,0.026067,0.025159283746201452,0.022124734368117457,0.02861004105586178
pec_orth_log,0.8963486906952807,0.36082046036988175,0.21790236631504986,0.01485,0.022591372560224608,0.018168071166991612,0.028091595935738498
pec_orth_log_abs,0.8861214771214756,0.3536213955982646,0.2322846089362385,0.014618,0.021722546961414457,0.017219907764278283,0.02740253042874724
pec_orth,0.7376492584297719,0.29960025404806934,0.21585298293912208,0.010094,0.013401664653799703,0.010799781950929382,0.016630392753202605
xcorr-sq_mean_sig-False,1.6381865461031062,0.04040840234373478,0.17121901189385857,0.012471,0.010729857404720086,0.009041374915472898,0.012733665067754215
xcorr_mean_sig-False,1.575399499185922,0.009657969348915137,0.20210336821397173,0.010536,0.008164093237220544,0.006670149658286859,0.009992642114592228
