spi,module,category
psi_multitaper_mean_fs-1_fmin-0_fmax-0-5,M01,spectral
psi_multitaper_mean_fs-1_fmin-0_fmax-0-25,M01,spectral
psi_multitaper_mean_fs-1_fmin-0-25_fmax-0-5,M01,spectral
gd_multitaper_delay_fs-1_fmin-0-25_fmax-0-5,M01,spectral
gd_multitaper_delay_fs-1_fmin-0_fmax-0-25,M01,spectral
gd_multitaper_delay_fs-1_fmin-0_fmax-0-5,M01,spectral
phase_multitaper_mean_fs-1_fmin-0-25_fmax-0-5,M01,spectral
wpli_multitaper_mean_fs-1_fmin-0-25_fmax-0-5,M01,spectral
pli_multitaper_mean_fs-1_fmin-0-25_fmax-0-5,M01,spectral
phase_multitaper_mean_fs-1_fmin-0_fmax-0-25,M01,spectral
wpli_multitaper_mean_fs-1_fmin-0_fmax-0-25,M01,spectral
pli_multitaper_mean_fs-1_fmin-0_fmax-0-25,M01,spectral
phase_multitaper_mean_fs-1_fmin-0_fmax-0-5,M01,spectral
pli_multitaper_mean_fs-1_fmin-0_fmax-0-5,M14,spectral
wpli_multitaper_mean_fs-1_fmin-0_fmax-0-5,M14,spectral
anm,M02,causal
cds,M02,causal
igci,M03,causal
di_kernel_W-0.5,M03,infotheory
cce_kernel_W-0.5,M03,infotheory
cce_kozachenko,M03,infotheory
di_kozachenko,M03,infotheory
di_gaussian,M03,infotheory
cce_gaussian,M03,infotheory
te_kraskov_NN-4_k-1_kt-1_l-1_lt-1,M04,infotheory
te_kraskov_NN-4_k-max-10_tau-max-4,M04,infotheory
te_kraskov_NN-4_DCE_k-1_kt-1_l-1_lt-1,M04,infotheory
te_kraskov_NN-4_DCE_k-2_kt-1_l-1_lt-1,M04,infotheory
te_kraskov_NN-4_DCE_k-max-10_tau-max-4,M04,infotheory
te_symbolic_k-1_kt-1_l-1_lt-1,M05,infotheory
te_symbolic_k-10_kt-1_l-1_lt-1,M05,infotheory
gc_gaussian_k-max-10_tau-max-2,M05,infotheory
gc_gaussian_k-1_kt-1_l-1_lt-1,M05,infotheory
phi_Geo_t-1_norm-0,M05,infotheory
phi_Geo_t-1_norm-1,M05,infotheory
si_gaussian_k-1,M05,infotheory
phi_star_t-1_norm-0,M05,infotheory
phi_star_t-1_norm-1,M05,infotheory
sgc_parametric_mean_fs-1_fmin-0-25_fmax-0-5_order-None,M05,spectral
sgc_parametric_max_fs-1_fmin-0-25_fmax-0-5_order-None,M05,spectral
sgc_parametric_mean_fs-1_fmin-0_fmax-0-5_order-None,M05,spectral
sgc_parametric_mean_fs-1_fmin-0_fmax-0-25_order-None,M05,spectral
sgc_parametric_max_fs-1_fmin-0_fmax-0-25_order-None,M05,spectral
sgc_parametric_max_fs-1_fmin-0_fmax-0-5_order-None,M05,spectral
sgc_parametric_mean_fs-1_fmin-0-25_fmax-0-5_order-1,M05,spectral
sgc_parametric_max_fs-1_fmin-0-25_fmax-0-5_order-1,M05,spectral
sgc_parametric_max_fs-1_fmin-0_fmax-0-5_order-1,M05,spectral
sgc_parametric_max_fs-1_fmin-0_fmax-0-25_order-1,M05,spectral
sgc_parametric_mean_fs-1_fmin-0_fmax-0-25_order-1,M05,spectral
sgc_parametric_mean_fs-1_fmin-0_fmax-0-5_order-1,M05,spectral
sgc_parametric_max_fs-1_fmin-0-25_fmax-0-5_order-20,M06,spectral
sgc_parametric_mean_fs-1_fmin-0-25_fmax-0-5_order-20,M06,spectral
sgc_parametric_mean_fs-1_fmin-0_fmax-0-5_order-20,M06,spectral
sgc_parametric_mean_fs-1_fmin-0_fmax-0-25_order-20,M06,spectral
sgc_parametric_max_fs-1_fmin-0_fmax-0-25_order-20,M06,spectral
sgc_parametric_max_fs-1_fmin-0_fmax-0-5_order-20,M06,spectral
gpdcoh_multitaper_max_fs-1_fmin-0-25_fmax-0-5,M06,spectral
sgc_nonparametric_max_fs-1_fmin-0-25_fmax-0-5,M06,spectral
sgc_nonparametric_mean_fs-1_fmin-0-25_fmax-0-5,M06,spectral
gpdcoh_multitaper_mean_fs-1_fmin-0-25_fmax-0-5,M06,spectral
dtf_multitaper_max_fs-1_fmin-0-25_fmax-0-5,M06,spectral
pdcoh_multitaper_max_fs-1_fmin-0-25_fmax-0-5,M06,spectral
dcoh_multitaper_max_fs-1_fmin-0-25_fmax-0-5,M06,spectral
ddtf_multitaper_max_fs-1_fmin-0-25_fmax-0-5,M06,spectral
ddtf_multitaper_mean_fs-1_fmin-0-25_fmax-0-5,M06,spectral
dcoh_multitaper_mean_fs-1_fmin-0-25_fmax-0-5,M06,spectral
dtf_multitaper_mean_fs-1_fmin-0-25_fmax-0-5,M06,spectral
pdcoh_multitaper_mean_fs-1_fmin-0-25_fmax-0-5,M06,spectral
sgc_nonparametric_mean_fs-1_fmin-0_fmax-0-25,M06,spectral
gpdcoh_multitaper_mean_fs-1_fmin-0_fmax-0-25,M06,spectral
gpdcoh_multitaper_mean_fs-1_fmin-0_fmax-0-5,M06,spectral
sgc_nonparametric_mean_fs-1_fmin-0_fmax-0-5,M06,spectral
sgc_nonparametric_max_fs-1_fmin-0_fmax-0-25,M06,spectral
sgc_nonparametric_max_fs-1_fmin-0_fmax-0-5,M06,spectral
gpdcoh_multitaper_max_fs-1_fmin-0_fmax-0-5,M06,spectral
pdcoh_multitaper_max_fs-1_fmin-0_fmax-0-5,M06,spectral
dtf_multitaper_max_fs-1_fmin-0_fmax-0-5,M06,spectral
gpdcoh_multitaper_max_fs-1_fmin-0_fmax-0-25,M06,spectral
dtf_multitaper_max_fs-1_fmin-0_fmax-0-25,M06,spectral
pdcoh_multitaper_max_fs-1_fmin-0_fmax-0-25,M06,spectral
dcoh_multitaper_max_fs-1_fmin-0_fmax-0-25,M06,spectral
ddtf_multitaper_max_fs-1_fmin-0_fmax-0-25,M06,spectral
ddtf_multitaper_max_fs-1_fmin-0_fmax-0-5,M06,spectral
dcoh_multitaper_max_fs-1_fmin-0_fmax-0-5,M06,spectral
dtf_multitaper_mean_fs-1_fmin-0_fmax-0-5,M06,spectral
pdcoh_multitaper_mean_fs-1_fmin-0_fmax-0-5,M06,spectral
dcoh_multitaper_mean_fs-1_fmin-0_fmax-0-5,M06,spectral
ddtf_multitaper_mean_fs-1_fmin-0_fmax-0-5,M06,spectral
dcoh_multitaper_mean_fs-1_fmin-0_fmax-0-25,M06,spectral
ddtf_multitaper_mean_fs-1_fmin-0_fmax-0-25,M06,spectral
pdcoh_multitaper_mean_fs-1_fmin-0_fmax-0-25,M06,spectral
dtf_multitaper_mean_fs-1_fmin-0_fmax-0-25,M06,spectral
wpli_multitaper_max_fs-1_fmin-0-25_fmax-0-5,M07,spectral
pli_multitaper_max_fs-1_fmin-0-25_fmax-0-5,M07,spectral
dspli_multitaper_max_fs-1_fmin-0-25_fmax-0-5,M07,spectral
dswpli_multitaper_max_fs-1_fmin-0-25_fmax-0-5,M07,spectral
dswpli_multitaper_max_fs-1_fmin-0_fmax-0-25,M07,spectral
dspli_multitaper_max_fs-1_fmin-0_fmax-0-25,M07,spectral
dspli_multitaper_max_fs-1_fmin-0_fmax-0-5,M07,spectral
dswpli_multitaper_max_fs-1_fmin-0_fmax-0-5,M07,spectral
wpli_multitaper_max_fs-1_fmin-0_fmax-0-5,M07,spectral
pli_multitaper_max_fs-1_fmin-0_fmax-0-5,M07,spectral
pli_multitaper_max_fs-1_fmin-0_fmax-0-25,M07,spectral
wpli_multitaper_max_fs-1_fmin-0_fmax-0-25,M07,spectral
psi_wavelet_max_fs-1_fmin-0_fmax-0-25_max,M08,spectral
psi_wavelet_mean_fs-1_fmin-0_fmax-0-25_mean,M08,spectral
psi_wavelet_mean_fs-1_fmin-0_fmax-0-5_mean,M08,spectral
psi_wavelet_mean_fs-1_fmin-0-25_fmax-0-5_mean,M08,spectral
psi_wavelet_max_fs-1_fmin-0-25_fmax-0-5_max,M08,spectral
psi_wavelet_max_fs-1_fmin-0_fmax-0-5_max,M08,spectral
bary_softdtw_mean,M09,distance
bary_sgddtw_mean,M09,distance
bary_dtw_mean,M09,distance
phase_multitaper_max_fs-1_fmin-0-25_fmax-0-5,M10,spectral
plv_multitaper_mean_fs-1_fmin-0_fmax-0-25,M10,spectral
plv_multitaper_mean_fs-1_fmin-0_fmax-0-5,M10,spectral
plv_multitaper_mean_fs-1_fmin-0-25_fmax-0-5,M10,spectral
plv_multitaper_max_fs-1_fmin-0-25_fmax-0-5,M10,spectral
phase_multitaper_max_fs-1_fmin-0_fmax-0-25,M10,spectral
phase_multitaper_max_fs-1_fmin-0_fmax-0-5,M10,spectral
lcss_constraint-itakura,M10,distance
xcorr_max_sig-True,M10,basic
lcss,M10,distance
dtw_constraint-sakoe-chiba,M10,distance
lcss_constraint-sakoe-chiba,M10,distance
dtw,M10,distance
dtw_constraint-itakura,M10,distance
softdtw_constraint-sakoe-chiba,M10,distance
softdtw_constraint-itakura,M10,distance
softdtw,M10,distance
pec_orth_log_abs,M11,spectral
pec_orth_abs,M11,spectral
pec_orth_log,M11,spectral
pec_orth,M11,spectral
pec,M11,spectral
pec_log,M11,spectral
icoh_multitaper_max_fs-1_fmin-0-25_fmax-0-5,M12,spectral
icoh_multitaper_mean_fs-1_fmin-0-25_fmax-0-5,M12,spectral
dspli_multitaper_mean_fs-1_fmin-0-25_fmax-0-5,M12,spectral
dswpli_multitaper_mean_fs-1_fmin-0-25_fmax-0-5,M12,spectral
icoh_multitaper_max_fs-1_fmin-0_fmax-0-5,M12,spectral
icoh_multitaper_max_fs-1_fmin-0_fmax-0-25,M12,spectral
icoh_multitaper_mean_fs-1_fmin-0_fmax-0-5,M12,spectral
icoh_multitaper_mean_fs-1_fmin-0_fmax-0-25,M12,spectral
dswpli_multitaper_mean_fs-1_fmin-0_fmax-0-25,M12,spectral
dspli_multitaper_mean_fs-1_fmin-0_fmax-0-25,M12,spectral
dspli_multitaper_mean_fs-1_fmin-0_fmax-0-5,M12,spectral
dswpli_multitaper_mean_fs-1_fmin-0_fmax-0-5,M12,spectral
ppc_multitaper_max_fs-1_fmin-0-25_fmax-0-5,M12,spectral
cohmag_multitaper_max_fs-1_fmin-0-25_fmax-0-5,M12,spectral
cohmag_multitaper_mean_fs-1_fmin-0-25_fmax-0-5,M12,spectral
ppc_multitaper_mean_fs-1_fmin-0-25_fmax-0-5,M12,spectral
plv_multitaper_max_fs-1_fmin-0_fmax-0-25,M12,spectral
plv_multitaper_max_fs-1_fmin-0_fmax-0-5,M12,spectral
ppc_multitaper_max_fs-1_fmin-0_fmax-0-5,M12,spectral
ppc_multitaper_max_fs-1_fmin-0_fmax-0-25,M12,spectral
cohmag_multitaper_max_fs-1_fmin-0_fmax-0-5,M12,spectral
cohmag_multitaper_max_fs-1_fmin-0_fmax-0-25,M12,spectral
ppc_multitaper_mean_fs-1_fmin-0_fmax-0-25,M12,spectral
cohmag_multitaper_mean_fs-1_fmin-0_fmax-0-25,M12,spectral
cohmag_multitaper_mean_fs-1_fmin-0_fmax-0-5,M12,spectral
ppc_multitaper_mean_fs-1_fmin-0_fmax-0-5,M12,spectral
coint_johansen_max_eig_stat_order-0_ardiff-10,M13,misc
coint_johansen_trace_stat_order-0_ardiff-10,M13,misc
coint_johansen_trace_stat_order-1_ardiff-10,M13,misc
coint_johansen_max_eig_stat_order-1_ardiff-10,M13,misc
coint_aeg_tstat_trend-ct_autolag-bic_maxlag-10,M13,misc
coint_aeg_tstat_trend-ct_autolag-aic_maxlag-10,M13,misc
coint_aeg_tstat_trend-c_autolag-aic_maxlag-10,M13,misc
coint_johansen_max_eig_stat_order-1_ardiff-1,M13,misc
coint_johansen_max_eig_stat_order-0_ardiff-1,M13,misc
coint_johansen_trace_stat_order-0_ardiff-1,M13,misc
coint_johansen_trace_stat_order-1_ardiff-1,M13,misc
bary_euclidean_max,M14,distance
bary_sgddtw_max,M14,distance
bary_dtw_max,M14,distance
bary_softdtw_max,M14,distance
si_kozachenko_k-1,M14,infotheory
xcorr_mean_sig-True,M14,basic
xcorr_mean_sig-False,M14,basic
lmfit_ElasticNet,M14,misc
reci,M14,causal
si_kernel_W-0.5_k-1,M14,infotheory
te_kernel_W-0.25_k-1,M14,infotheory
prec_EllipticEnvelope,M14,basic
prec_MinCovDet,M14,basic
cov_MinCovDet,M14,basic
cov_EllipticEnvelope,M14,basic
prec_EmpiricalCovariance,M14,basic
prec_LedoitWolf,M14,basic
prec_OAS,M14,basic
prec_ShrunkCovariance,M14,basic
prec_GraphicalLasso,M14,basic
prec_GraphicalLassoCV,M14,basic
kendalltau,M14,basic
spearmanr,M14,basic
cov_GraphicalLassoCV,M14,basic
cov_GraphicalLasso,M14,basic
lmfit_SGDRegressor,M14,misc
lmfit_BayesianRidge,M14,misc
gpfit_DotProduct,M14,misc
lmfit_Ridge,M14,misc
ce_gaussian,M14,infotheory
mi_gaussian,M14,infotheory
cov_ShrunkCovariance,M14,basic
cov_LedoitWolf,M14,basic
cov_OAS,M14,basic
cov_EmpiricalCovariance,M14,basic
je_gaussian,M14,infotheory
ce_kozachenko,M14,infotheory
je_kozachenko,M14,infotheory
je_kernel_W-0.5,M14,infotheory
ce_kernel_W-0.5,M14,infotheory
tlmi_kraskov_NN-4,M14,infotheory
tlmi_kraskov_NN-4_DCE,M14,infotheory
mi_kraskov_NN-4_DCE,M14,infotheory
mi_kraskov_NN-4,M14,infotheory
mi_kernel_W-0.25,M14,infotheory
tlmi_kernel_W-0.25,M14,infotheory
tlmi_gaussian,M14,infotheory
ccm_E-None_mean,M14,causal
ccm_E-10_mean,M14,causal
ccm_E-10_max,M14,causal
ccm_E-None_max,M14,causal
gpfit_RBF,M14,misc
ccm_E-1_max,M14,causal
ccm_E-1_mean,M14,causal
mgcx_maxlag-10,M14,distance
dcorrx_maxlag-10,M14,distance
dcorrx_maxlag-1,M14,distance
mgcx_maxlag-1,M14,distance
mgc,M14,distance
hhg,M14,distance
dcorr_biased,M14,distance
dcorr,M14,distance
hsic,M14,distance
hsic_biased,M14,distance
