T,seed,estimator,measure,numpy_val,jidt_val
200,0,kraskov,MI_DCE5,0.012123042350593138,0.016579121224020277
200,0,kraskov,TE_DCE5,0.002525182626498479,-0.0014210396247893442
200,0,kernel,TE_DCE5,0.029858129954875228,0.021508367446994876
200,0,gaussian,TE_k2,0.06052803796556544,0.060528037965565926
200,0,kraskov,TE_k2,0.039245666567691684,0.05684884508429966
200,0,gaussian,TE_autoembed,0.07133463600015277,0.0956754010181643
200,0,kraskov,TE_autoembed,0.039245666567691684,0.05684884508429966
200,0,symbolic,TE_k10,0.0,
200,1,kraskov,MI_DCE5,0.07341736029681911,0.06553293568601948
200,1,kraskov,TE_DCE5,0.0990962257304111,0.0805867583355695
200,1,kernel,TE_DCE5,0.06150614896147191,0.05973423798700435
200,1,gaussian,TE_k2,0.09082524066128272,0.09082524066128317
200,1,kraskov,TE_k2,0.04613154999859548,0.07310881032003813
200,1,gaussian,TE_autoembed,0.07947002005981252,0.11427863794236197
200,1,kraskov,TE_autoembed,0.057840897215785336,0.055512078777308016
200,1,symbolic,TE_k10,0.0,
200,2,kraskov,MI_DCE5,0.01642184733103136,0.01187655870488058
200,2,kraskov,TE_DCE5,0.14867357312938023,0.1470914010604889
200,2,kernel,TE_DCE5,0.2323482647824475,0.19923884806334846
200,2,gaussian,TE_k2,0.09076290721447722,0.09076290721447734
200,2,kraskov,TE_k2,0.132411676293263,0.12322760259239529
200,2,gaussian,TE_autoembed,0.09627820092555028,0.10044176169395444
200,2,kraskov,TE_autoembed,0.1290142667669587,0.1275991271615038
200,2,symbolic,TE_k10,0.0,
200,3,kraskov,MI_DCE5,0.05885928711808042,0.036758827293238205
200,3,kraskov,TE_DCE5,0.1390517631194419,0.12101238752954013
200,3,kernel,TE_DCE5,0.13901475667988117,0.11474363955965429
200,3,gaussian,TE_k2,0.1150990516063033,0.11509905160630356
200,3,kraskov,TE_k2,0.11561699970705885,0.11075062362901344
200,3,gaussian,TE_autoembed,0.11016733211468788,0.11016733211468777
200,3,kraskov,TE_autoembed,0.14134454486454762,0.11488079069239698
200,3,symbolic,TE_k10,0.0,
200,4,kraskov,MI_DCE5,0.07794122035077322,0.05186287242881704
200,4,kraskov,TE_DCE5,0.10228476431834466,0.10923828437539829
200,4,kernel,TE_DCE5,0.2119603783299305,0.19089251914511784
200,4,gaussian,TE_k2,0.07327662867065687,0.07327662867065697
200,4,kraskov,TE_k2,0.07969864654540348,0.07622384156832274
200,4,gaussian,TE_autoembed,0.08058651384166593,0.10356317066015026
200,4,kraskov,TE_autoembed,0.050633922894058214,0.0552419500110497
200,4,symbolic,TE_k10,0.0,
200,5,kraskov,MI_DCE5,0.0981737798614386,0.10062485910604568
200,5,kraskov,TE_DCE5,0.14255249578569473,0.14254079413671716
200,5,kernel,TE_DCE5,0.19338685787521684,0.17340197900275206
200,5,gaussian,TE_k2,0.1348863435200408,0.13488634352003992
200,5,kraskov,TE_k2,0.11211645896058964,0.11442250918496777
200,5,gaussian,TE_autoembed,0.12892676157005067,0.14026473701864792
200,5,kraskov,TE_autoembed,0.11211645896058964,0.14439128711371607
200,5,symbolic,TE_k10,0.0,
200,6,kraskov,MI_DCE5,0.1251257526423002,0.1258103413264866
200,6,kraskov,TE_DCE5,0.15197062275625428,0.15853194149178962
200,6,kernel,TE_DCE5,0.22581718038739085,0.20026052608283476
200,6,gaussian,TE_k2,0.13129298577269494,0.13129298577269438
200,6,kraskov,TE_k2,0.13167325860809487,0.12724063253992224
200,6,gaussian,TE_autoembed,0.13129298577269494,0.15981263740883814
200,6,kraskov,TE_autoembed,0.1422731240053816,0.09767495595888298
200,6,symbolic,TE_k10,0.0,
200,7,kraskov,MI_DCE5,0.10162588473019696,0.0973744025259018
200,7,kraskov,TE_DCE5,0.07260396864275576,0.06869764079321805
200,7,kernel,TE_DCE5,0.1289685437465441,0.12349788745297469
200,7,gaussian,TE_k2,0.08866033894321507,0.08866033894321536
200,7,kraskov,TE_k2,-0.015552313582313904,-0.016018804737487846
200,7,gaussian,TE_autoembed,0.09350007967486551,0.10290748078640682
200,7,kraskov,TE_autoembed,0.03701125900781088,0.06605734570704436
200,7,symbolic,TE_k10,0.0,
200,8,kraskov,MI_DCE5,0.08829598856679066,0.08778271397918669
200,8,kraskov,TE_DCE5,0.10973315390321225,0.08409496785723025
200,8,kernel,TE_DCE5,0.21564061969545273,0.19307818233852414
200,8,gaussian,TE_k2,0.07855715080601144,0.07855715080601047
200,8,kraskov,TE_k2,0.05347406561275725,0.06873792820572788
200,8,gaussian,TE_autoembed,0.07875194348815207,0.09466793737777388
200,8,kraskov,TE_autoembed,0.08063820767857588,0.06525634319803508
200,8,symbolic,TE_k10,0.0,
200,9,kraskov,MI_DCE5,0.03585810915393495,0.03883325105838953
200,9,kraskov,TE_DCE5,0.14691384184278156,0.15375914041709282
200,9,kernel,TE_DCE5,0.14589327187876883,0.1283426209054717
200,9,gaussian,TE_k2,0.08823059605685549,0.08823059605685549
200,9,kraskov,TE_k2,0.0714775048329741,0.08098882298429255
200,9,gaussian,TE_autoembed,0.08823059605685549,0.11231119785062978
200,9,kraskov,TE_autoembed,0.06720148579322283,0.06490265557399266
200,9,symbolic,TE_k10,0.0,
800,0,kraskov,MI_DCE5,0.030184896729290145,0.02356111041005793
800,0,kraskov,TE_DCE5,0.06732628860179468,0.05579211260104433
800,0,kernel,TE_DCE5,0.04377672236752909,0.04305982583746566
800,0,gaussian,TE_k2,0.08423664807158482,0.0842366480715845
800,0,kraskov,TE_k2,0.07023660273961774,0.06424309775947656
800,0,gaussian,TE_autoembed,0.08514451448200733,0.08642766165553084
800,0,kraskov,TE_autoembed,0.05412237822756705,0.04869755683753607
800,0,symbolic,TE_k10,0.002531645569622043,
800,1,kraskov,MI_DCE5,0.0789710236818566,0.07194870653676855
800,1,kraskov,TE_DCE5,0.07679970139988468,0.08085723240144671
800,1,kernel,TE_DCE5,0.10151173930571053,0.09790897089720102
800,1,gaussian,TE_k2,0.08167107595223211,0.08167107595223241
800,1,kraskov,TE_k2,0.08858008161339681,0.0955897877676184
800,1,gaussian,TE_autoembed,0.08188034946555822,0.08323212572544132
800,1,kraskov,TE_autoembed,0.06016424980771573,0.09030209201796113
800,1,symbolic,TE_k10,0.0,
800,2,kraskov,MI_DCE5,0.059519559953860934,0.055202488366490776
800,2,kraskov,TE_DCE5,0.12688016724199103,0.12261480504368749
800,2,kernel,TE_DCE5,0.15958402625859489,0.15607843422584683
800,2,gaussian,TE_k2,0.11490408425443116,0.1149040842544315
800,2,kraskov,TE_k2,0.116143790067464,0.11798146570159895
800,2,gaussian,TE_autoembed,0.11725843655695689,0.11814424468277164
800,2,kraskov,TE_autoembed,0.11678804257643893,0.13736549231248807
800,2,symbolic,TE_k10,0.0,
800,3,kraskov,MI_DCE5,0.057099747547545654,0.06183060982303612
800,3,kraskov,TE_DCE5,0.0706201244327942,0.06288640887215546
800,3,kernel,TE_DCE5,0.0881541012583716,0.08597772407247974
800,3,gaussian,TE_k2,0.07355124410465225,0.07355124410465283
800,3,kraskov,TE_k2,0.06388552536731495,0.05785939914751603
800,3,gaussian,TE_autoembed,0.07122992994636235,0.07241262610561931
800,3,kraskov,TE_autoembed,0.0585382451558869,0.03054295390709627
800,3,symbolic,TE_k10,0.0025316455696202667,
800,4,kraskov,MI_DCE5,-0.000551455091503783,-0.004581152712071379
800,4,kraskov,TE_DCE5,0.10260963461487749,0.10626979668109282
800,4,kernel,TE_DCE5,0.10367663477673905,0.10167885471491249
800,4,gaussian,TE_k2,0.08471202960461988,0.0847120296046201
800,4,kraskov,TE_k2,0.09562732324053402,0.09413165690822578
800,4,gaussian,TE_autoembed,0.08644216526739124,0.08891757687066841
800,4,kraskov,TE_autoembed,0.08418771516325196,0.09007184929304857
800,4,symbolic,TE_k10,0.0,
800,5,kraskov,MI_DCE5,0.05373749666375538,0.050392110694554404
800,5,kraskov,TE_DCE5,0.09163777332173106,0.09195251128967286
800,5,kernel,TE_DCE5,0.10192518512008854,0.10033715326285583
800,5,gaussian,TE_k2,0.09195309962479942,0.09195309962479906
800,5,kraskov,TE_k2,0.09539897467876801,0.094717944865373
800,5,gaussian,TE_autoembed,0.09115260128937308,0.09985324298662579
800,5,kraskov,TE_autoembed,0.05373067035615131,0.057077643089582075
800,5,symbolic,TE_k10,0.0025316455696202667,
800,6,kraskov,MI_DCE5,0.061159291816978545,0.0537016642943966
800,6,kraskov,TE_DCE5,0.037943764922310885,0.045169575555473074
800,6,kernel,TE_DCE5,0.07461721085279659,0.0727243591289772
800,6,gaussian,TE_k2,0.06686207413947509,0.06686207413947512
800,6,kraskov,TE_k2,0.08012700704207076,0.0856270317029535
800,6,gaussian,TE_autoembed,0.06698805875067526,0.07323930035448215
800,6,kraskov,TE_autoembed,0.04173679537500807,0.041694637426138215
800,6,symbolic,TE_k10,0.0,
800,7,kraskov,MI_DCE5,0.05119420799940411,0.04081752681999973
800,7,kraskov,TE_DCE5,0.10739113754155638,0.10281988049742141
800,7,kernel,TE_DCE5,0.08803102681103042,0.08731440410291044
800,7,gaussian,TE_k2,0.0909488533675672,0.09094885336756635
800,7,kraskov,TE_k2,0.10184192439937445,0.10037612910546456
800,7,gaussian,TE_autoembed,0.09177990578350892,0.0921614621184608
800,7,kraskov,TE_autoembed,0.10479785560073296,0.09088448543945549
800,7,symbolic,TE_k10,0.0,
800,8,kraskov,MI_DCE5,0.07812774538545852,0.0696033104039202
800,8,kraskov,TE_DCE5,0.12187610139504224,0.11546225018527845
800,8,kernel,TE_DCE5,0.1203257352177876,0.11840154784123832
800,8,gaussian,TE_k2,0.09494871736579102,0.09494871736579054
800,8,kraskov,TE_k2,0.10520378732565239,0.10864383327195815
800,8,gaussian,TE_autoembed,0.09033820123322966,0.09217700874342737
800,8,kraskov,TE_autoembed,0.10520378732565239,0.07845533124573856
800,8,symbolic,TE_k10,0.0,
800,9,kraskov,MI_DCE5,0.08799025779837244,0.08458825957796012
800,9,kraskov,TE_DCE5,0.10817378241549425,0.12185662713446876
800,9,kernel,TE_DCE5,0.1492454861898641,0.14489611665005495
800,9,gaussian,TE_k2,0.12166825361618672,0.12166825361618724
800,9,kraskov,TE_k2,0.12573107668109063,0.11891552011790396
800,9,gaussian,TE_autoembed,0.12254114457460874,0.12653519988042658
800,9,kraskov,TE_autoembed,0.1126340568400408,0.0865728475760077
800,9,symbolic,TE_k10,0.0,
1600,0,kraskov,MI_DCE5,0.026603119226654037,0.02793501163576284
1600,0,kraskov,TE_DCE5,0.12027338569697399,0.11945735512835243
1600,0,kernel,TE_DCE5,0.12087118781190073,0.11905336743098707
1600,0,gaussian,TE_k2,0.09247778988123045,0.09247778988123105
1600,0,kraskov,TE_k2,0.08297578618691759,0.08769810530169964
1600,0,gaussian,TE_autoembed,0.09205357019499366,0.0945038982044984
1600,0,kraskov,TE_autoembed,0.08297578618691759,0.08769810530169964
1600,0,symbolic,TE_k10,0.002515723270439807,
1600,1,kraskov,MI_DCE5,0.031948880218702236,0.03215630042805362
1600,1,kraskov,TE_DCE5,0.08668027536513034,0.08844234418395769
1600,1,kernel,TE_DCE5,0.10992585955523744,0.10838902862393168
1600,1,gaussian,TE_k2,0.08780413810617993,0.08780413810618087
1600,1,kraskov,TE_k2,0.09305363458985871,0.09528917553969984
1600,1,gaussian,TE_autoembed,0.08871338385083916,0.09226167033539798
1600,1,kraskov,TE_autoembed,0.0861350623853514,0.08375191469760246
1600,1,symbolic,TE_k10,0.002515723270439807,
1600,2,kraskov,MI_DCE5,0.026305869377515556,0.027038041028013104
1600,2,kraskov,TE_DCE5,0.07467622497293602,0.07540576858840908
1600,2,kernel,TE_DCE5,0.09932410351926509,0.09759484164328981
1600,2,gaussian,TE_k2,0.08937579088367537,0.08937579088367598
1600,2,kraskov,TE_k2,0.10506022439307694,0.09861099386537053
1600,2,gaussian,TE_autoembed,0.08783274147050468,0.08810923490522568
1600,2,kraskov,TE_autoembed,0.10506022439307694,0.07573896746354247
1600,2,symbolic,TE_k10,0.0012578616352207916,
1600,3,kraskov,MI_DCE5,0.009114933284034343,0.005787903119286675
1600,3,kraskov,TE_DCE5,0.09010627474391053,0.08906729343647912
1600,3,kernel,TE_DCE5,0.10584042795999503,0.10429118060697132
1600,3,gaussian,TE_k2,0.08062763288584979,0.08062763288584995
1600,3,kraskov,TE_k2,0.06733889303924334,0.06959183122918722
1600,3,gaussian,TE_autoembed,0.08016821228029425,0.08235157123521476
1600,3,kraskov,TE_autoembed,0.076285258540155,0.10166550285972753
1600,3,symbolic,TE_k10,0.0,
1600,4,kraskov,MI_DCE5,0.02470583620067668,0.030379856311644637
1600,4,kraskov,TE_DCE5,0.09890494312549092,0.094061526849053
1600,4,kernel,TE_DCE5,0.10593378367315706,0.10434689600026824
1600,4,gaussian,TE_k2,0.09547300129120295,0.09547300129120283
1600,4,kraskov,TE_k2,0.08268495616040972,0.08438237629947287
1600,4,gaussian,TE_autoembed,0.0951846314358471,0.09751717287054372
1600,4,kraskov,TE_autoembed,0.0814837279430003,0.09835585467347063
1600,4,symbolic,TE_k10,0.0012578616352207916,
1600,5,kraskov,MI_DCE5,0.05397486022673714,0.05246081454887719
1600,5,kraskov,TE_DCE5,0.10395315973296748,0.10156110705654053
1600,5,kernel,TE_DCE5,0.13364627685414002,0.1323228690660615
1600,5,gaussian,TE_k2,0.09611115172962426,0.0961111517296238
1600,5,kraskov,TE_k2,0.09859333912699242,0.10565557669186454
1600,5,gaussian,TE_autoembed,0.09407614702068812,0.09657187591365109
1600,5,kraskov,TE_autoembed,0.0830847988046779,0.09310280505461677
1600,5,symbolic,TE_k10,0.0,
1600,6,kraskov,MI_DCE5,0.013148944544346897,0.014881081416945996
1600,6,kraskov,TE_DCE5,0.09794598024766832,0.10230304953221014
1600,6,kernel,TE_DCE5,0.11165578243552586,0.11045724641543016
1600,6,gaussian,TE_k2,0.08593615874617805,0.08593615874617734
1600,6,kraskov,TE_k2,0.09003633400345801,0.09175762941225929
1600,6,gaussian,TE_autoembed,0.08552153641722882,0.08958946017420245
1600,6,kraskov,TE_autoembed,0.09832520977520431,0.08472375322942072
1600,6,symbolic,TE_k10,0.0012578616352207916,
1600,7,kraskov,MI_DCE5,0.056646650867430814,0.05796799807937436
1600,7,kraskov,TE_DCE5,0.09878000434515521,0.09307556253683513
1600,7,kernel,TE_DCE5,0.12314845487271327,0.1208974053481529
1600,7,gaussian,TE_k2,0.10018206945681807,0.10018206945681857
1600,7,kraskov,TE_k2,0.08569088824101811,0.08845877392640134
1600,7,gaussian,TE_autoembed,0.09905197900795537,0.09908013251212067
1600,7,kraskov,TE_autoembed,0.08569088824101811,0.08819309440726619
1600,7,symbolic,TE_k10,0.0,
1600,8,kraskov,MI_DCE5,0.017269125773631266,0.021102749935512755
1600,8,kraskov,TE_DCE5,0.07217539868872058,0.07301704897804062
1600,8,kernel,TE_DCE5,0.1040695329832236,0.10250034364718505
1600,8,gaussian,TE_k2,0.07848403966933554,0.07848403966933569
1600,8,kraskov,TE_k2,0.05965195201063089,0.05852317368301807
1600,8,gaussian,TE_autoembed,0.07853542198663899,0.07838392689360704
1600,8,kraskov,TE_autoembed,0.05965195201063089,0.05852317368301807
1600,8,symbolic,TE_k10,0.0,
1600,9,kraskov,MI_DCE5,0.0728799095740813,0.07597761330385655
1600,9,kraskov,TE_DCE5,0.09343651011857501,0.09268365618588881
1600,9,kernel,TE_DCE5,0.0972409259813344,0.09651768827547058
1600,9,gaussian,TE_k2,0.07415777698716786,0.07415777698716813
1600,9,kraskov,TE_k2,0.08866809151138821,0.08804293704351851
1600,9,gaussian,TE_autoembed,0.07547242978055513,0.07723394392520758
1600,9,kraskov,TE_autoembed,0.08866809151138821,0.05696352006683103
1600,9,symbolic,TE_k10,0.0037735849056605986,
